Workbook
Name Boolean: 'Data validation parameters'!$C$6:$C$7

Sheet Settings
B2: These are the settings for the scenario file
B3: NOTE: The parameters are read columns B and C and from row 7 downward, including that row.
B4: Example: first parameter sheet_name_processes goes to cell B6 and value Processes goes to cell C6.
B6: Parameter name | C6: Value | D6: Type | E6: Description
B7: version | C7: 2 | D7: String | E7: Scenario file format version
B8: sheet_name_processes | C8: Processes | D8: String | E8: Name of the sheet that contains data for Processes, e.g. (Processes)
B9: ignore_columns_processes | C9: A | D9: List of strings | E9: Ignore Excel columns defined in the list when reading data from Processes sheet. Each column name must be separated by comma (',')
B10: skip_num_rows_processes | C10: 2 | D10: Integer | E10: Number of rows to skip when reading data for Processes (e.g. 2). NOTE: Header row must be the first row to read!
B11: sheet_name_flows | C11: Flows | D11: String | E11: Name of the sheet that contains data for Flows, (e.g. Flows)
B12: ignore_columns_flows | C12: A | D12: List of strings | E12: Ignore Excel columns defined in the list when reading data from Flows sheet. Each column name must be separated by comma (',')
B13: skip_num_rows_flows | C13: 2 | D13: Integer | E13: Number of rows to skip when reading data for Processes (e.g. 2). NOTE: Header row must be the first row to read!
B14: start_year | C14: 2021 | D14: Integer | E14: Starting year of the model
B15: end_year | C15: 2030 | D15: Integer | E15: Ending year of the model, included in in time range
B16: detect_year_range | C16: FALSE | D16: Boolean | E16: Detect the year range automatically from file
B17: use_virtual_flows | C17: TRUE | D17: Boolean | E17: Use virtual flows. If enabled, creates missing flows for Processes that have imbalance of input and output flows i.e. unreported flows
B18: virtual_flows_epsilon | C18: 0.1 | D18: Float | E18: If using virtual flows, create virtual flow to process if process total inputs and outputs difference is greater than this value
A19: Optional | B19: baseline_value_name | C19: Solid wood equivalent | D19: String | E19: Baseline value name. Name of the value type that is used as baseline e.g. "Solid wood equivalent"
A20: Optional | B20: baseline_unit_name | C20: Mm3 | D20: String | E20: Baseline unit name. This is used with relative flows when exporting flow data to CSVs.
A21: Optional | B21: conversion_factor_c_to_co2 | C21: -3.6666667 | D21: Float | E21: Conversion factor from C to CO2
A22: Optional | B22: fill_missing_absolute_flows | C22: TRUE | D22: Boolean | E22: Fill in missing timestep with the last timestep provided by the user. Default value is True
A23: Optional | B23: fill_missing_relative_flows | C23: TRUE | D23: Boolean | E23: Fill in missing timestep with the last timestep provided by the user. Default value is True
A24: Optional | B24: fill_method | C24: Previous | D24: String | E24: Fill method if either fill_missing_absolute_flows or fill_missing_relative_flows is enabled
A25: Optional | B25: use_scenarios | C25: TRUE | D25: Boolean | E25: Run alternative scenarios defined on the scenarios sheet. Defaults to True if not defined in settings file.
A26: Optional | B26: scenario_type | C26: Constrained | D26: String | E26: Scenario type (Constrained / Unconstrained)
A27: Optional | B27: sheet_name_scenarios | C27: Scenarios | D27: String | E27: Name of the sheet that contains scenarios (flow variations)
A28: Optional | B28: ignore_columns_scenarios | D28: List of strings | E28: Ignore Excel columns defined in the list when reading data from Scenarios. Each column name must be separated by comma (',')
A29: Optional | B29: create_network_graphs | C29: TRUE | D29: Boolean | E29: Create network graphs to visualize process connections for each scenario
A30: Optional | B30: create_sankey_charts | C30: TRUE | D30: Boolean | E30: Create Sankey charts for each scenario
A31: Optional | B31: visualize_inflows_to_processes | C31: Incineration:FI, Sawmilling:FI | D31: List of strings | E31: Create inflow visualization and export data for process IDs defined in here. Each process ID must be separated by comma (',')
A32: Optional | B32: sheet_name_colors | C32: Colors | D32: String | E32: Name of the sheet that contains data for transformation stage colors (e.g. Colors)
A33: Optional | B33: ignore_columns_colors | D33: List of strings | E33: Ignore Excel columns defined in the list when reading data from Colors sheet. Each column name must be separated by comma (',')
A34: Optional | B34: prioritize_locations | D34: List of strings | E34: Priotize flows based on their location (e.g., Export). This functionality prioritizes / reduces exports from entering the stock so they occur on the same timestep.
A35: Optional | B35: prioritize_transformation_stages | D35: List of strings | E35: Priotize flows based on their transformation stage (e.g., Second). This functionality prioritizes / reduces the specific flows from entering the stock so they occur on the same timestep.
A36: Optional | B36: sheet_name_process_positions | C36: Process positions | D36: String | E36: Name of the sheet that contains data for process positions in normalized format (position data in range [0,1])
A37: Optional | B37: output_path | C37: . | D37: String | E37: Path to directory where results are generated
A38: Optional | B38: include_metadata | C38: TRUE | D38: Boolean | E38: Include scenario metadata (currently filename) to Sankey visualization
A39: Optional | B39: use_stock_lifetime_overrides | C39: TRUE | D39: Boolean | E39: Use stock lifetime overrides
A40: Optional | B40: sheet_name_stock_lifetime_overrides | C40: Stock lifetime overrides | D40: String | E40: Name of the sheet that contains data for stock lifetime overrides
A41: Optional | B41: ignore_columns_stock_lifetime_overrides | C41: A | D41: List of strings | E41: Ignore Excel columns defined in the list when reading data from stock lifetime overrides sheet. Each column name must be separated by comma (',')
A42: Optional | B42: skip_num_rows_stock_lifetime_overrides | C42: 2 | D42: Integer | E42: Number of rows to skip when reading data for stock lifetime overrides (e.g. 2). NOTE: Header row must be the first row to read!

Sheet Processes
B1: string | C1: string | D1: string | E1: string | F1: integer | G1: string | H1: tuple | I1: string | J1: float | K1: float | L1: string
F2: Years
A3: This column is ignored (check parameter ignore_columns_processes in Settings-sheet) | B3: Process | C3: Process location | D3: Process ID | E3: Transformation stage | F3: Lifetime | G3: Distribution type | H3: Distribution parameters | I3: Comment | J3: Normalized X | K3: Normalized Y | L3: Label shown in graph
A4: 0 | B4: Industrial_roundwood | C4: FI | D4: =_xlfn.CONCAT(B4,":",C4) -> Industrial_roundwood:FI | E4: Source | F4: 0 | G4: Fixed | J4: 0.037 | K4: 0.347 | L4: 0 Roundwood
A5: 1 | B5: Sawmilling | C5: FI | D5: =_xlfn.CONCAT(B5,":",C5) -> Sawmilling:FI | E5: First | F5: 0 | G5: Fixed | J5: 0.243 | K5: 0.392 | L5: 1 Sawmilling
A6: 2 | B6: Residues | C6: FI | D6: =_xlfn.CONCAT(B6,":",C6) -> Residues:FI | E6: by_prod | F6: 0 | G6: Fixed | J6: 0.409 | K6: 0.05 | L6: 2 By products
A7: 3 | B7: Sawnwood | C7: FI | D7: =_xlfn.CONCAT(B7,":",C7) -> Sawnwood:FI | E7: Second | F7: 0 | G7: Fixed | J7: 0.409 | K7: 0.532 | L7: 3 Sawnwood
A8: 4 | B8: Construction | C8: FI | D8: =_xlfn.CONCAT(B8,":",C8) -> Construction:FI | E8: VAM | F8: 10 | G8: Normal | H8: stddev=1 | J8: 0.752 | K8: 0.444 | L8: 4 Construction
A9: 5 | B9: Furniture | C9: FI | D9: =_xlfn.CONCAT(B9,":",C9) -> Furniture:FI | E9: VAM | F9: 5 | G9: Normal | H9: stddev=1 | J9: 0.656 | K9: 0.773 | L9: 5 Furniture
A10: 6 | B10: Sawnwood | C10: Import | D10: =_xlfn.CONCAT(B10,":",C10) -> Sawnwood:Import | E10: RoW | F10: 0 | G10: Fixed | J10: 0.243 | K10: 0.9 | L10: 6 Import
A11: 7 | B11: Sawnwood | C11: Export | D11: =_xlfn.CONCAT(B11,":",C11) -> Sawnwood:Export | E11: RoW | F11: 0 | G11: Fixed | J11: 0.691 | K11: 0.165 | L11: 7 Export
A12: 8 | B12: Incineration | C12: FI | D12: =_xlfn.CONCAT(B12,":",C12) -> Incineration:FI | E12: EoL | F12: 0 | G12: Fixed | J12: 0.966 | K12: 0.483 | L12: 8 Incineration

Sheet Flows
A1: Data type | B1: string | C1: string | D1: string | E1: string | F1: string | G1: string | H1: string | I1: string | J1: float | K1: string | L1: integer | M1: float | N1: string
A2: Unit | K2: m3, kg, % | M2: 2 columns needed for each indicator (name and comment)
A3: This column is ignored (check parameter ignore_columns_flows in Settings-sheet) | B3: Source process | C3: Transformation stage | D3: Source process location | E3: Target process | F3: Transformation stage | G3: Target process location | H3: Source ID | I3: Target ID | J3: Value | K3: Unit | L3: Year | M3: Carbon (Mt) | N3: Comment
A4: a | B4: Industrial_roundwood | C4: =+_xlfn.XLOOKUP(H4,Processes!$D$4:$D$47,Processes!$E$4:$E$47) -> Source | D4: FI | E4: Sawmilling | F4: =+_xlfn.XLOOKUP(I4,Processes!$D$4:$D$47,Processes!$E$4:$E$47) -> First | G4: FI | H4: =_xlfn.CONCAT(B4,":",D4) -> Industrial_roundwood:FI | I4: =_xlfn.CONCAT(E4,":",G4) -> Sawmilling:FI | J4: 60 | K4: Mm3 SWE | L4: 2021
A5: b | B5: Sawmilling | C5: =+_xlfn.XLOOKUP(H5,Processes!$D$4:$D$47,Processes!$E$4:$E$47) -> First | D5: FI | E5: Sawnwood | F5: =+_xlfn.XLOOKUP(I5,Processes!$D$4:$D$47,Processes!$E$4:$E$47) -> Second | G5: FI | H5: =_xlfn.CONCAT(B5,":",D5) -> Sawmilling:FI | I5: =_xlfn.CONCAT(E5,":",G5) -> Sawnwood:FI | J5: 100 | K5: % | L5: 2021
A6: c | B6: Sawmilling | C6: =+_xlfn.XLOOKUP(H6,Processes!$D$4:$D$47,Processes!$E$4:$E$47) -> First | D6: FI | E6: Residues | F6: =+_xlfn.XLOOKUP(I6,Processes!$D$4:$D$47,Processes!$E$4:$E$47) -> by_prod | G6: FI | H6: =_xlfn.CONCAT(B6,":",D6) -> Sawmilling:FI | I6: =_xlfn.CONCAT(E6,":",G6) -> Residues:FI | J6: 10 | K6: Mm3 SWE | L6: 2021
A7: d | B7: Sawnwood | C7: =+_xlfn.XLOOKUP(H7,Processes!$D$4:$D$47,Processes!$E$4:$E$47) -> Second | D7: FI | E7: Construction | F7: =+_xlfn.XLOOKUP(I7,Processes!$D$4:$D$47,Processes!$E$4:$E$47) -> VAM | G7: FI | H7: =_xlfn.CONCAT(B7,":",D7) -> Sawnwood:FI | I7: =_xlfn.CONCAT(E7,":",G7) -> Construction:FI | J7: 60 | K7: % | L7: 2021 | M7: 0.225
A8: e | B8: Sawnwood | C8: =+_xlfn.XLOOKUP(H8,Processes!$D$4:$D$47,Processes!$E$4:$E$47) -> Second | D8: FI | E8: Furniture | F8: =+_xlfn.XLOOKUP(I8,Processes!$D$4:$D$47,Processes!$E$4:$E$47) -> VAM | G8: FI | H8: =_xlfn.CONCAT(B8,":",D8) -> Sawnwood:FI | I8: =_xlfn.CONCAT(E8,":",G8) -> Furniture:FI | J8: 40 | K8: % | L8: 2021 | M8: 0.225
A9: f | B9: Construction | C9: =+_xlfn.XLOOKUP(H9,Processes!$D$4:$D$47,Processes!$E$4:$E$47) -> VAM | D9: FI | E9: Sawmilling | F9: =+_xlfn.XLOOKUP(I9,Processes!$D$4:$D$47,Processes!$E$4:$E$47) -> First | G9: FI | H9: =_xlfn.CONCAT(B9,":",D9) -> Construction:FI | I9: =_xlfn.CONCAT(E9,":",G9) -> Sawmilling:FI | J9: 40 | K9: % | L9: 2021
A10: g | B10: Construction | C10: =+_xlfn.XLOOKUP(H10,Processes!$D$4:$D$47,Processes!$E$4:$E$47) -> VAM | D10: FI | E10: Incineration | F10: =+_xlfn.XLOOKUP(I10,Processes!$D$4:$D$47,Processes!$E$4:$E$47) -> EoL | G10: FI | H10: =_xlfn.CONCAT(B10,":",D10) -> Construction:FI | I10: =_xlfn.CONCAT(E10,":",G10) -> Incineration:FI | J10: 60 | K10: % | L10: 2021
A11: h | B11: Furniture | C11: VAM | D11: FI | E11: Incineration | F11: =+_xlfn.XLOOKUP(I11,Processes!$D$4:$D$47,Processes!$E$4:$E$47) -> EoL | G11: FI | H11: =_xlfn.CONCAT(B11,":",D11) -> Furniture:FI | I11: =_xlfn.CONCAT(E11,":",G11) -> Incineration:FI | J11: 100 | K11: % | L11: 2021
A12: i | B12: Sawnwood | C12: =+_xlfn.XLOOKUP(H12,Processes!$D$4:$D$47,Processes!$E$4:$E$47) -> Second | D12: FI | E12: Sawnwood | F12: =+_xlfn.XLOOKUP(I12,Processes!$D$4:$D$47,Processes!$E$4:$E$47) -> RoW | G12: Export | H12: =_xlfn.CONCAT(B12,":",D12) -> Sawnwood:FI | I12: =_xlfn.CONCAT(E12,":",G12) -> Sawnwood:Export | J12: 20 | K12: Mm3 SWE | L12: 2021
A13: j | B13: Sawnwood | C13: =+_xlfn.XLOOKUP(H13,Processes!$D$4:$D$47,Processes!$E$4:$E$47) -> RoW | D13: Import | E13: Sawnwood | F13: =+_xlfn.XLOOKUP(I13,Processes!$D$4:$D$47,Processes!$E$4:$E$47) -> Second | G13: FI | H13: =_xlfn.CONCAT(B13,":",D13) -> Sawnwood:Import | I13: =_xlfn.CONCAT(E13,":",G13) -> Sawnwood:FI | J13: 10 | K13: Mm3 SWE | L13: 2021

Sheet Stock lifetime overrides
A1: Data type | B1: string | C1: string | D1: string | E1: string | F1: number | G1: number | H1: number | I1: string | J1: string
A2: Unit
A3: This column is ignored (check parameter ignore_columns_stock_lifetime_overrides in Settings-sheet) | B3: Process ID | C3: Lifetime | D3: Start year (included) | E3: End year (included) | F3: stddev | G3: shape | H3: scale | I3: condition | J3: Comment
A4: Invalid Process ID | B4: INVALID:ID | C4: 5 | D4: 2023 | E4: 2025
A5: Invalid lifetime (zero) | B5: Construction:FI | C5: 0 | D5: 2026 | E5: 2030
A6: Invalid lifetime (empty) | B6: Construction:FI | D6: 2026 | E6: 2030
A7: Invalid start year (empty) | B7: Construction:FI | C7: 5 | E7: 2030
A8: Invalid start year (before scenario start year) | B8: Construction:FI | C8: 5 | D8: 1900 | E8: 2030
A9: Invalid end year (after scenario end year) | B9: Construction:FI | C9: 5 | D9: 2023 | E9: 3000
A10: Invalid end year (empty) | B10: Construction:FI | C10: 5 | D10: 2023
A11: Invalid end year (before scenario start year) | B11: Construction:FI | C11: 5 | D11: 2023 | E11: 1900
A12: Invalid std_dev | B12: Construction:FI | C12: 5 | D12: 2023 | E12: 1900 | F12: abc
A13: Invalid shape | B13: Construction:FI | C13: 5 | D13: 2023 | E13: 1900 | G13: abc
A14: Invalid scale | B14: Construction:FI | C14: 5 | D14: 2023 | E14: 1900 | H14: abc
A15: Invalid condition | B15: Construction:FI | C15: 5 | D15: 2023 | E15: 1900 | I15: abc

Sheet Process positions
A1: Year | B1: Process ID | C1: Normalized X | D1: Normalized Y
A2: 2021 | B2: Industrial_roundwood:FI | C2: 0.037 | D2: 0.347
A3: 2021 | B3: Sawmilling:FI | C3: 0.243 | D3: 0.392
A4: 2021 | B4: Sawnwood:FI | C4: 0.409 | D4: 0.532
A5: 2021 | B5: Residues:FI | C5: 0.409 | D5: 0.05
A6: 2021 | B6: Construction:FI | C6: 0.752 | D6: 0.444
A7: 2021 | B7: Furniture:FI | C7: 0.656 | D7: 0.773
A8: 2021 | B8: Incineration:FI | C8: 0.966 | D8: 0.483
A9: 2021 | B9: Sawnwood:Export | C9: 0.691 | D9: 0.165
A10: 2021 | B10: Sawnwood:Import | C10: 0.243 | D10: 0.9
A11: 2022 | B11: Industrial_roundwood:FI | C11: 0.037 | D11: 0.347
A12: 2022 | B12: Sawmilling:FI | C12: 0.243 | D12: 0.392
A13: 2022 | B13: Sawnwood:FI | C13: 0.409 | D13: 0.532
... A91: 2030 | B91: Sawnwood:Import | C91: 0.243 | D91: 0.9

Sheet Scenarios
A1: Scenario name | B1: Source process ID | C1: Target process ID | D1: Change in value (delta) | E1: Target value | F1: Change type (Value or % = proportional) | G1: Start year (included) | H1: End year (included) | I1: Function type | J1: Apply to targets | K1: Target process ID (where the opposite change is applied) | L1: Target process ID (where the opposite change is applied)
A2: Reduce sawmilling residues by 50% | B2: Sawmilling:FI | C2: Residues:FI | D2: -50 | F2: % | G2: 2025 | H2: 2030 | I2: Linear | J2: TRUE

Sheet Colors
A1: Transformation stage name | B1: Color (hex code)
A2: Source | B2: #7dda60
A3: First | B3: #eb5e34
A4: Second | B4: #8c76cf
A5: VAM | B5: #3281db
A6: RoW | B6: #61b053
A7: EoL | B7: #efc3ca
A8: by_prod | B8: #fdc57b
A9: Virtual | B9: #808080 | C9: NOTE: Virtual flows are assigned to this transformation stage by default

Sheet Data validation parameters
B2: This sheet contains helper parameters to make changing settings easier inside Excel and to reduce possibilities of typos.
B3: All of these settings are strings that can be used as it is in Settings-sheet and in Scenarios-sheet
B5: Distribution type | C5: Boolean values | D5: fill_method | E5: Change type | F5: Function type | G5: Scenario Type | H5: Landfill decay types
B6: Fixed | C6: TRUE | D6: Interpolate | E6: Value | F6: Constant | G6: Constrained | H6: Wet
B7: Normal | C7: FALSE | D7: Next | E7: % | F7: Linear | G7: Unconstrained | H7: Dry
B8: LogNormal | D8: Previous | F8: Exponential | H8: Managed
B9: FoldedNormal | D9: Zeros | F9: Sigmoid
B10: Weibull
B11: Simple
B12: LandfillDecayWood
B13: LandfillDecayPaper
